Empresa,Nome,Assunto,Descricao1,Descricao2,Descricao3,Descricao4,Contato
"Ribeiro & Feitoza Advogados","Equipe Ribeiro & Feitoza","Ribeiro & Feitoza — o botão de contato está lá, o tráfego chega?","Pesquisei o ribeiroefeitozaadvogados.com.br — vi o botão ""Fale com Advogado"" e o WhatsApp em destaque. A estrutura de contato está no lugar.","A pergunta é: chega tráfego qualificado até ela? Sem Google Ads ou SEO estruturado, mesmo um site com bons botões de contato fica invisível para quem pesquisa ""advogado Manaus"" agora. O botão existe, mas se ninguém chega até ele, não converte.","Tenho algumas observações que gostaria de mostrar numa conversa. Um escritório em SP reduziu o custo por lead de R$85 para R$22 com essa estrutura.","Já anunciam no Google? Pergunto porque a resposta muda o que eu mostraria para vocês.","contato@ribeiroefeitozaadvogados.com.br"
"Furtado Maia Advocacia","Furtado Maia","Furtado Maia — site sem caminho para o visitante contratar","Pesquisei o furtadomaia.adv.br — advocacia em Consumidor e Trabalhista em Manaus.","O site não tem formulário segmentado por tipo de causa. Quem tem causa trabalhista não é o mesmo público de quem tem causa bancária. Sem um formulário que filtra isso, o visitante chega, não encontra o caminho certo e sai sem contatar.","Tenho observações específicas do site que gostaria de mostrar numa conversa. Um escritório em SP reduziu o custo por lead de R$85 para R$22 depois de ajustar exatamente esses pontos.","Faz sentido conversar?","furtadomaia@gmail.com"
"FM&V Advocacia","Andre","FM&V — site não transforma visita em consulta","Pesquisei o fmvadv.com.br — advocacia Empresarial e Tributária em Manaus.","O site tem presença digital, mas faltam dois elementos que convertem visitante em lead: depoimentos de clientes reais e um caminho direto para o serviço de maior ticket. Quem chega pelo Google lê sobre o FM&V e sai sem agir, porque não encontra prova social nem o próximo passo claro.","Identifiquei o que mudaria isso e gostaria de mostrar numa conversa. Um escritório em SP reduziu o custo por lead de R$85 para R$22 depois de ajustar exatamente esses dois pontos.","Quer que eu mostre o que encontrei?","andre@fmvadv.com.br"
"Simonetti e Paiva Advogados","Jéssica","Simonetti e Paiva — site antigo passa mensagem errada antes do primeiro contato","Pesquisei o simonettiepaiva.com.br — advocacia em Penal e Empresarial em Manaus.","O layout atual não acompanha o posicionamento do escritório. Site institucional desatualizado passa uma mensagem silenciosa para quem pesquisa no Google: quem não investe na própria presença digital, como cuida dos processos dos clientes? É uma percepção injusta, mas acontece antes de ler uma linha do conteúdo.","Tenho observações específicas que gostaria de compartilhar numa conversa de 10 minutos. Um escritório em SP que estava no mesmo ponto reduziu o custo por lead de R$85 para R$22 depois de ajustar isso.","Vale conversar?","fg@simonettiepaiva.com.br"
"Bezerra & Dantas Advocacia","Lucas","Lucas — visitante chega no site e não encontra como falar com você","Pesquisei o bezerraedantasadv.com.br — advocacia em Bancário e Consumidor em Manaus.","O site parece incompleto para quem chega pelo Google: sem botão de WhatsApp visível na parte principal. Quem busca ajuda com causa bancária tem urgência. Se não encontra o caminho de contato em 5 segundos, fecha e vai para o próximo resultado.","Tenho observações do site que mostrariam o que está custando contatos. Um escritório em SP passou de R$85 para R$22 por lead ajustando exatamente isso.","Faz sentido conversar?","bezerralucasadv@gmail.com"
"Molina Advogados Associados","Molina","Molina Advogados — informações demais, sem caminho claro para o contato","Pesquisei o molinaadvogado.adv.br — Previdenciário e Consumidor em Manaus.","O site tem muito conteúdo, mas sem hierarquia visual. O visitante entra, não sabe o que é mais importante, não encontra o próximo passo e sai. É o tipo de site que parece completo mas não converte, porque nunca foi projetado com esse objetivo em mente.","Tenho observações específicas que mostrariam como mudar isso numa conversa de 15 minutos. Um escritório em SP reduziu o custo por lead de R$85 para R$22 com uma estrutura mais simples e focada.","Quer que eu mostre o que encontrei?","molina@molinaadvogado.adv.br"
"Coimbra Garcia Advogados","Juliana","Coimbra Garcia — erro técnico no site afasta visitante antes de ler uma linha","Pesquisei o coimbragarcia.adv.br — advocacia Empresarial e de Família em Manaus.","Encontrei dois problemas verificáveis: o site apresenta erro crítico no WordPress em algumas tentativas de acesso, e o título da aba do navegador ainda exibe ""coimbragarcia :: home"". Esses dois detalhes o visitante vê antes de ler qualquer coisa sobre o escritório. Quem topa erro de carregamento não espera.","Tenho prints do que identifiquei e gostaria de mostrar numa conversa rápida. Um escritório em SP reduziu o custo por lead de R$85 para R$22 depois de resolver a base técnica.","Quer ver?","julianacoimbragarcia@coimbragarcia.adv.br"
"San Barbosa Advocacia Estratégica","San Barbosa","San Barbosa — layout antigo não combina com o nome ""Estratégica""","Pesquisei o sanbarbosa.adv.br — Advocacia Estratégica em Manaus.","O nome do escritório posiciona expertise avançada. O layout atual não acompanha esse posicionamento: é antigo, sem portfólio de cases e sem página dedicada ao serviço principal. Quem busca ""advocacia estratégica Manaus"" encontra a marca, mas não encontra a prova do que a torna estratégica.","Tenho observações que gostaria de compartilhar numa conversa de 15 minutos. Uma academia em BH aumentou 40% de novos clientes depois de alinhar o visual ao posicionamento, com tráfego pago em cima, e a lógica é a mesma para advocacia especializada.","Quer que eu mostre o que identifiquei?","contato@sanbarbosa.adv.br"
"Martinho & Nunes Advogados","Jorge","Jorge — layout do Martinho & Nunes não entrega a autoridade do escritório","Pesquisei o martinhoenunes.com.br — Tributário e Empresarial em Manaus.","Layout antigo não entrega a autoridade que sócios com nome no escritório constroem ao longo dos anos. O visitante que chega pelo Google compara visualmente antes de ler uma linha. E layout desatualizado perde para concorrentes mais modernos, mesmo que a competência seja superior.","Tenho observações específicas do site que gostaria de mostrar. Um escritório em SP reduziu o custo por lead de R$85 para R$22 depois de ajustar exatamente isso.","Vale uma conversa de 10 minutos?","jorge.martinho@martinhoenunes.com.br"
"Ale Advocacia","Nelson","Nelson — Ale Advocacia sem página focada no serviço principal","Pesquisei o aleadvocacia.adv.br — advocacia multidisciplinar em Manaus.","O escritório tem atuação ampla, mas o site não tem página dedicada ao serviço de maior ticket. O tráfego vai para um site institucional genérico onde o visitante vê tudo e não decide nada. Sem um caminho claro para o serviço principal, o lead qualificado sai sem contatar.","Identifiquei o que mudaria esses dois pontos e gostaria de mostrar numa conversa. Uma clínica em BH passou de 3 para 18 novos clientes por mês em 60 dias com uma estrutura parecida.","Quer ver o que encontrei?","dr.nelsonalejr@gmail.com"
"Kelson Souza & Advogados","Kelson","Kelson — site sem email de contato perde lead que não está pronto para o WhatsApp","Pesquisei o kelsonsouzaadv.com.br — Cível e Previdenciário em Manaus.","O site não exibe email de contato visível. Quem chega pelo Google e não está pronto para abrir o WhatsApp na primeira visita não tem outro caminho. Em Direito Previdenciário especialmente, o lead pesquisa bastante antes de decidir contatar. Sem email visível, esse lead simplesmente sai.","Tenho observações do site que mostrariam como mudar essa percepção. Um escritório em SP reduziu o custo por lead de R$85 para R$22 com ajustes parecidos.","Faz sentido conversar?","kelsonsouza@hotmail.com"
"Brandão Ozores Sociedade de Advogados","Fabio","Brandão Ozores — site forte, falta o braço de captação","Pesquisei o ozoresadv.com.br — Full Service com atuação em Tributário e ESG em Manaus.","O site está bem construído: design profissional, estrutura clara, áreas de prática visíveis. O que falta é o braço ativo de captação. Sem uma página de vendas dedicada e sem Google Ads configurado corretamente, o tráfego vai para a página institucional que não tem objetivo claro de conversão. É como ter um vendedor excelente que nunca faz a proposta.","Tenho observações específicas que gostaria de mostrar numa conversa. Um escritório em SP que também tinha o site bem construído reduziu o custo por lead de R$85 para R$22 depois de criar o funil.","Quer conversar?","fsandrade@ozoresadv.com.br"
"Sadala & Sena Advogados","Michel","Michel — site desatualizado custa leads todo mês","Pesquisei o senaadvogados.com — Sadala & Sena, com atuação em Agrário e Geral em Manaus.","O site atual não está gerando leads ativamente: layout desatualizado transmite falta de investimento na presença digital, e sem página de vendas e tráfego pago estruturado, o escritório depende de indicação para crescer. Cada mês nessa situação é receita deixada na mesa para a concorrência que investe.","Tenho observações específicas que gostaria de mostrar numa conversa. Um escritório em SP saiu de R$85 para R$22 por lead ajustando exatamente esses pontos.","Faz sentido explorar isso?","michel@senaadvogados.com"
"Amoêdo Advogados","Bruno","Bruno — presença digital do Amoêdo não entrega o escritório","Pesquisei o amoedoadv.com.br — Família, Imobiliário e Previdenciário em Manaus.","O layout atual não acompanha o que o escritório entrega. Site antigo sem página de vendas faz com que o visitante qualificado, alguém buscando ""advogado imobiliário Manaus"", não encontre motivo concreto para entrar em contato agora. Sem prova social e sem caminho claro, o lead sai antes de chegar ao WhatsApp.","Tenho observações específicas do site que gostaria de mostrar. Um escritório em SP reduziu o custo por lead de R$85 para R$22 depois de ajustar a base.","Quer ver o que encontrei?","amoedoadvogados@gmail.com"
"Wallison Advogados","Walisson","Walisson — site em Wix sai mais caro no Google Ads","Pesquisei o wadvocacia.com.br — Imobiliário em Manaus.","Dois pontos que impactam captação: o site está em Wix, plataforma que limita a performance no PageSpeed e eleva o custo por clique no Google Ads, e está sem email profissional vinculado ao domínio. Uma página com 90% no PageSpeed paga menos por clique, o que representa diferença de 20 a 40% no custo de aquisição saindo direto do bolso.","Tenho observações que gostaria de mostrar numa conversa. Um escritório em SP reduziu o custo por lead de R$85 para R$22 com ajustes parecidos.","Faz sentido conversar?","daniel@wadvocacia.com.br"
"Nascimento Peixoto Advogados","Nascimento","Nascimento Peixoto — site sem estrutura para aparecer no Google","Pesquisei o nascimentopeixotoadvogados.com.br — Criminal e Nacional em Manaus.","O site está configurado de forma básica, sem página de vendas dedicada e sem estrutura de captação ativa. Escritório com atuação criminal precisa de presença forte: quem pesquisa ""advogado criminal Manaus"" compara resultado a resultado antes de contatar. Sem a estrutura certa, o escritório não entra nessa comparação.","Tenho observações do site que gostaria de mostrar numa conversa. Um escritório em SP reduziu o custo por lead de R$85 para R$22 ajustando exatamente isso.","Quer ver o que encontrei?","nascimentopeixotoadvogados@gmail.com"
"CQB Advogados","Equipe CQB","CQB Advogados — visita no site não vira contato","Pesquisei o cqbadvogados.com.br — Empresarial, Cível e Trabalhista em Manaus.","O site tem estrutura, mas sem página de vendas dedicada ao serviço que mais gera demanda, o tráfego vai para uma página institucional sem objetivo claro de conversão. Quem chega pelo Google lê, não encontra o próximo passo e sai sem contatar.","Tenho observações específicas que gostaria de mostrar. Um escritório em SP reduziu o custo por lead de R$85 para R$22 depois de ajustar exatamente isso.","Vale uma conversa rápida?","contato@cqbaadvogados.com.br"
"Rapp Sousa Advocacia","Equipe Rapp Sousa","Rapp Sousa — 7 especialidades, nenhuma em destaque","Pesquisei o rappsousa.adv.br — advocacia em Cível, Trabalhista e Bancário em Manaus.","O site lista 7 áreas de atuação sem diferenciar a especialidade principal. O design antigo reforça a percepção de genérico. Quem busca ""advogado trabalhista Manaus"" quer o especialista: quando o site tenta falar com todo mundo ao mesmo tempo, não convence ninguém.","Tenho observações específicas que gostaria de mostrar. Um escritório em SP reduziu o custo por lead de R$85 para R$22 depois de focar o posicionamento.","Quer ver o que identifiquei?","contato@rappsousa.adv.br"
"Alves e Advogados","Equipe Alves e Advogados","Alves e Advogados — site marcado como NÃO SEGURO no Chrome","Acessei o alveseadvogados.com.br — Empresarial e Tributário em Manaus.","O certificado SSL está expirado. Qualquer visitante que acessa hoje vê o alerta vermelho de ""site não seguro"" no Chrome antes de ler uma linha. Isso não é estético: o Google penaliza sites sem SSL no ranqueamento, e qualquer link compartilhado vira barreira de credibilidade em vez de captação.","Tenho os prints do que encontrei e gostaria de mostrar numa conversa de 10 minutos. Um escritório em SP reduziu o custo por lead de R$85 para R$22 depois de resolver a base técnica.","Quer ver?","escritoriojuridico@alveseadvogados.com.br"
"GRM Advogados","Equipe GRM","GRM — especialista em ZFM sem captação ativa no Google","Pesquisei o grm.com.br — assessoria jurídica especializada em Zona Franca de Manaus desde 1997.","Um nicho tão específico quanto ZFM tem demanda ativa no Google agora: empresas buscando ""benefícios fiscais ZFM"" ou ""assessoria tributária Zona Franca"" estão pesquisando e encontrando quem aparece, não quem merece aparecer. Sem estrutura de captação, todo o potencial do nicho fica nas indicações.","Tenho observações do site que gostaria de mostrar numa conversa. Uma clínica em BH passou de 3 para 18 novos clientes por mês em 60 dias com uma estrutura parecida.","Quer ver o que identifiquei para o GRM?","contato@grm.com.br"
