nome,sobrenome,dominio
Santiago,"& Associados",santiagoeassociados.adv.br
Calandrini,"Advogados Associados",thiagocalandriniadv.com.br
OSSUOSKY,"ADVOGADOS",instagram.com
Advogado,"- Direito do Consumidor - Luis Albert ADV",luisalbertadv.com.br
Jean,"Bruno Advogados Associados",wa.me
Lima,"& Lopes Advogados Associados",limaelopes.adv.br
Mendes,"Mota Advogados | Advogado Trabalhista em Manaus",mendesmota.com.br
Advogados,"Manaus - BANDEIRA ADVOGADOS",
GUILHERME,,"MELO & RODRIGUES ADVOGADOS ASSOCIADOS",wa.me
Osmar,"Mota Advogados",instagram.com
Mitoso,"& Costa Advogados Associados",
Brasil,"e Bello Advocacia I Advogado Trabalhista",wa.me
Negreiros,"Advogados",negreirosadvogados.com
Fernanda,"Farache Advocacia e Consultoria Jurídica",
Dra.,"Adna Lima: Trabalhista, Previdenciário, BPC/LOAS, Aposentadorias, Aux. Doença e Acidente, Pensão por Morte e Consumidor",
Souza,"Advocacia",
Tadeuza,"Almeida Lanhellas Sociedade Individual de Advocacia",lanhellasadvocacia.com.br
Dr.,"Igor Abreu | Advogado Manaus | Direito do Consumidor e Bancário | Planos de saúde | Medicamentos | Negativas abusivas",igorabreu.adv.br
Direito,"do Consumidor - Advogado do Consumidor - Advogada Manaus",advogadamanaus.com.br
Bezerra,"& Dantas - Direito do Consumidor - Manaus AM",lucasbezerraadv.com.br
Vieira,"Alves Advocacia",vieiraalvesadvocacia.com.br
Almeida,"Rodrigues Advogados",linktr.ee
Araújo,"& Gonzaga",
Advogada,"Dra. Malena Felipe",sites.google.com
Farias,"Ribeiro Advogados",instagram.com
Farias,"Ribeiro Advogados Associados",instagram.com
ESCRITÓRIO,"DE ADVOCACIA DR MATHEUS DANTAS",advogadomatheusdantas.com.br
Moisés,"Campelo - Advogado - CAMPELOEHERCULANOADVOCACIA",
AP,"Advogados Associados - Manaus",
Advogado,"Manaus - Ellen Estefany Advocacia",8b43e9e4-6936-4548-8065-7a25098e3f2f-00-26xns2o8elc3h.spock.replit.dev
Fontenele,"& Aguiar",
Advogada,"Dra. Natacha Pequeno - Direito de Família, Pensão alimentícia e Guarda",npadvocaciaespecialista.com.br
Escritório,"Jurídico - Dra. Tatiane Braga",instagram.com
Advogada,"Sara Sousa - Direito do Consumidor - Manaus/AM",advsarasousa.wixsite.com
Pinheiro,"& Pinheiro Sociedade de Advogados",pinheiroepinheiroadvocacia.com
Anjos,"Advocacia - Especialista em Direito Bancário, Família, Consumidor.",
Cavalcante,"Santana Advocacia",cavalcantesantana.com.br
Azevedo,,"Feitosa & Advogados Associados",
Saraiva,"Soc. de Advogados",saraivasadvogados.com.br
CF,"ADVOCACIA - Ações previdenciárias - INSS - Consumidor",
Tamer,"& Braga - Advocacia Trabalhista e Previdenciária",
Luciana,"Rodrigues Advocacia e Consultoria Juridica",api.whatsapp.com
Tavares,"& Brandão Advogados",
ADVOGADO,"JS JANDER SANTOS",jandersantosadv.shop
Nogueira,"& Paiva",nogueirapaiva.jusfy.com.br
José,"Guimas Advocacia - Especialista em Ações Contra Planos de Saúde e Liminares",joseguimas.adv.br
Ribeiro,"& Farias Advogados Associados S/C",
Tarciso,"Freire Advocacia",
Carvalho,"e Tavares Advogados",advogadosct.com
Venâncio,"& Delgado",venancioedelgado.com.br
RICARDO,"SILVEIRA ADVOGADOS",
Edson,"Rosas Advocacia",edsonrosasadvocacia.com.br
Romano,"Advogados Associados",
TS,"Advogados Associados",tsadvogadosassociados.com.br
Drª.,"Sígrid Pinheiro | Escritório Advogada Direito Médico e Saúde",instagram.com
KSL,"Advogados - Eloy das Neves Lopes OAB-AM 4900 e Kelma Souza Lima - OAB/AM 5470",
Escritório,"Carvalho Lima Advocacia",instagram.com
Marcelo,"Santos Advogados Associados | Advocacia Militar Especializada",advocaciamarcelosantos.com.br
Simões,"Mendonça Advogados",
Anita,"Lira Barros - Advocacia",instagram.com
Portella,"de Macêdo e Advogados Associados",
Thiago,"Alves - Escritório de Advocacia e Consultoria.",advogadodefamiliamanaus.com.br
DRAS.SILVAADVOCACIA,"- H&N SILVA ADVOCACIA",drahellendine.com.br
DR.,"ELVISLAN NASCIMENTO",elvislan-advocacia.com
FFA,"Advogados - Manaus",ffa.com.br
Deborah,"Vieira - Advocacia especializada em Direito Bancário/Direito do Consumidor - Advocacia contra Bancos.",
Medina,,"Ribeiro & Aguiar Advogados",medinaeribeiro.com
KDN,"Advogados",kdnadvogados.com.br
Ramos,"Advogados",
Dantas,"de Araujo | Advocacia em Inventários",dantasdearaujo.com.br
Erica,"Mesquita Advogados | Advocacia Previdenciária",ericamesquita.com.br
Guedes,"& Oliveira Advogados Associados",
Advogado,"Trabalhista em Manaus - Alves e Advogados Associados",
Lima,"Leite advogados",
Duk,"& Figueiredo Advocacia I Advogada em Manaus",
BANDEIRA,"- ESCRITÓRIO ADVOCACIA - ADVOGADO MANAUS - Atendo em Todo o Brasil - Contato somente pelo Watzap",
Salomão,"& Viana Advogados Associados",
Rocha,"& Stone - Sociedade de Advogados",rochaestoneadvogados.com.br
Escritório,"Jurídico Dra.Vanessa Janine Costa da Rocha",vanessarocha.adv.br
A&C,"Advogados Associados",
Márcia,"Costa Advocacia/ Advogado Imobiliário",marciacostaadv.com.br
Legal,"Exchange - LEEX l Advogados",leex.adv.br
Evila,"Moura Advogados",
Queiroz,"& Reis Advogados",